,year,job,gender_dominant_group,gender_prop_diff
15,1850,Architect,only male,1.0
16,1850,Artist / Art Teacher,only male,1.0
19,1850,Author,only male,1.0
21,1850,Baker,male dominant,0.9862191294856051
23,1850,Barber / Beautician,male dominant,0.9487764676049195
24,1850,Bartender,only male,1.0
25,1850,Bill Collector,only male,1.0
30,1850,Boilermaker,only male,1.0
32,1850,Bookkeeper,only male,1.0
38,1850,Cabinet Maker,male dominant,0.9947401312363295
40,1850,Carpenter,male dominant,0.9935830527242528
45,1850,Chemist,only male,1.0
47,1850,Clergyman,male dominant,0.9931560223615111
48,1850,Clerical Worker,only male,1.0
59,1850,Delivery Man,only male,1.0
61,1850,Dentist,only male,1.0
62,1850,Designer,only male,1.0
66,1850,Draftsman,only male,1.0
67,1850,Dressmaker / Seamstress,female dominant,-0.8336079077429983
70,1850,Editor / Reporter,only male,1.0
77,1850,Engineer - Civil,only male,1.0
80,1850,Engineer - Mechanical,only male,1.0
83,1850,Engraver,only male,1.0
84,1850,Entertainer,only male,1.0
86,1850,Farm Foreman,male dominant,0.98766110805693
87,1850,Farm Laborer,male dominant,0.991168953457089
89,1850,Farmer,male dominant,0.9855489773618726
90,1850,Fireman,only male,1.0
91,1850,Fisherman,only male,1.0
93,1850,Foremen,only male,1.0
96,1850,Funeral Director,only male,1.0
99,1850,Gardener / Groundskeeper,only male,1.0
102,1850,Household Worker,balanced,0.12585571353343866
106,1850,Inspector,only male,1.0
108,1850,Insurance Agent,only male,1.0
109,1850,Janitor,only male,1.0
110,1850,Jeweler,male dominant,0.9830721528534316
112,1850,Laborer,male dominant,0.9889821119649582
113,1850,Laundry / Dry Cleaning,only male,1.0
114,1850,Lawyer / Judge,only male,1.0
118,1850,Locomotive Engineer,only male,1.0
122,1850,Lumberman,only male,1.0
123,1850,Machinist,only male,1.0
124,1850,Mail Carrier,only male,1.0
125,1850,Manager / Owner,male dominant,0.9847864611022505
126,1850,Mason,only male,1.0
128,1850,Meat Cutter,only male,1.0
129,1850,Mechanic,male dominant,0.9930855069487232
135,1850,Messenger,only male,1.0
136,1850,Metal Filer,only male,1.0
138,1850,Metal Worker,only male,1.0
140,1850,Military,only male,1.0
144,1850,Miner,male dominant,0.9930927576538172
145,1850,Model Maker,only male,1.0
149,1850,Musician / Music Teacher,male dominant,0.93946658675457
150,1850,Newsboy,only male,1.0
151,1850,Nurse,female dominant,-0.75
155,1850,Operative,male dominant,0.9874634739210261
159,1850,Painter,male dominant,0.9916387267684921
164,1850,Photographer,only male,1.0
165,1850,Physician / Surgeon,only male,1.0
168,1850,Plasterer,only male,1.0
169,1850,Plumber,only male,1.0
170,1850,Policeman / Detective,only male,1.0
171,1850,Porter,only male,1.0
174,1850,Pressman,only male,1.0
176,1850,Professional - Misc,male dominant,0.9178750508198943
177,1850,Professor,only male,1.0
192,1850,Public Officials,male dominant,0.97346168856511
195,1850,Railroad Brakeman,only male,1.0
196,1850,Railroad Conductor,only male,1.0
198,1850,Real Estate Agent,only male,1.0
200,1850,Religious Worker,only female,-1.0
203,1850,Roller,only male,1.0
204,1850,Roofer,only male,1.0
205,1850,Sailor,male dominant,0.9970952387800003
206,1850,Salesman,male dominant,0.9922677460002292
207,1850,Sawyer,only male,1.0
215,1850,Security Guard,only male,1.0
217,1850,Service Worker,only male,1.0
219,1850,Sheriff / Bailiff,only male,1.0
220,1850,Ship Officers,only male,1.0
221,1850,Shipping and Receiving,only male,1.0
222,1850,Shoemaker,male dominant,0.9985507766258923
225,1850,Stationary Engineer,male dominant,0.9805862566074003
233,1850,Teacher,male dominant,0.8353949194472938
244,1850,Ticket Agent,only male,1.0
245,1850,Tool Maker,only male,1.0
246,1850,Truck / Tractor Driver,male dominant,0.9873572210921608
247,1850,Typesetter,male dominant,0.987506957758674
249,1850,Upholsterer,only male,1.0
252,1850,Waiter / Waitress,male dominant,0.9453019225561874
270,1860,Architect,only male,1.0
271,1860,Artist / Art Teacher,male dominant,0.785041748090247
274,1860,Author,balanced,0.199203187250996
276,1860,Baker,male dominant,0.9555973867788727
278,1860,Barber / Beautician,male dominant,0.9778466991581746
279,1860,Bartender,only male,1.0
280,1860,Bill Collector,only male,1.0
285,1860,Boilermaker,only male,1.0
287,1860,Bookkeeper,male dominant,0.9648938651737812
293,1860,Cabinet Maker,male dominant,0.9721572558191335
295,1860,Carpenter,male dominant,0.9941384891299593
300,1860,Chemist,only male,1.0
302,1860,Clergyman,male dominant,0.9831081081081081
303,1860,Clerical Worker,male dominant,0.9765560895557379
314,1860,Delivery Man,male dominant,0.9094612947034857
316,1860,Dentist,male dominant,0.9656357388316151
317,1860,Designer,only male,1.0
321,1860,Draftsman,only male,1.0
322,1860,Dressmaker / Seamstress,female dominant,-0.971288557513078
325,1860,Editor / Reporter,only male,1.0
332,1860,Engineer - Civil,only male,1.0
335,1860,Engineer - Mechanical,only male,1.0
338,1860,Engraver,only male,1.0
339,1860,Entertainer,only male,1.0
341,1860,Farm Foreman,male dominant,0.9750225232222187
342,1860,Farm Laborer,male dominant,0.9570607358624827
344,1860,Farmer,male dominant,0.9257213622106584
345,1860,Fireman,only male,1.0
346,1860,Fisherman,only male,1.0
348,1860,Foremen,male dominant,0.979669887278583
351,1860,Funeral Director,only male,1.0
354,1860,Gardener / Groundskeeper,male dominant,0.8982587568333671
357,1860,Household Worker,female dominant,-0.8877648868151697
361,1860,Inspector,only male,1.0
363,1860,Insurance Agent,only male,1.0
364,1860,Janitor,male dominant,0.778516057585825
365,1860,Jeweler,male dominant,0.965735101599408
367,1860,Laborer,male dominant,0.9555947578261342
368,1860,Laundry / Dry Cleaning,male dominant,0.5004156275976724
369,1860,Lawyer / Judge,male dominant,0.994306374014291
373,1860,Locomotive Engineer,only male,1.0
377,1860,Lumberman,male dominant,0.9881517977593994
378,1860,Machinist,male dominant,0.9793534504841437
379,1860,Mail Carrier,only male,1.0
380,1860,Manager / Owner,male dominant,0.8879656582301694
381,1860,Mason,male dominant,0.994112278842474
383,1860,Meat Cutter,male dominant,0.9887220144045559
384,1860,Mechanic,male dominant,0.9898096960741855
390,1860,Messenger,only male,1.0
391,1860,Metal Filer,male dominant,0.8512518409425626
393,1860,Metal Worker,male dominant,0.9902747386336008
395,1860,Military,only male,1.0
399,1860,Miner,male dominant,0.9891791371608374
400,1860,Model Maker,male dominant,0.9329571855293727
404,1860,Musician / Music Teacher,balanced,0.2598116169544741
405,1860,Newsboy,only male,1.0
406,1860,Nurse,female dominant,-0.9699851411589896
410,1860,Operative,male dominant,0.5440408697277428
414,1860,Painter,male dominant,0.9927422412392353
419,1860,Photographer,male dominant,0.9489144316730523
420,1860,Physician / Surgeon,male dominant,0.9898324550736387
423,1860,Plasterer,male dominant,0.9713241092551438
424,1860,Plumber,only male,1.0
425,1860,Policeman / Detective,male dominant,0.9525729191368272
426,1860,Porter,only male,1.0
429,1860,Pressman,only male,1.0
431,1860,Professional - Misc,only male,1.0
432,1860,Professor,male dominant,0.42938659058487877
447,1860,Public Officials,only male,1.0
450,1860,Railroad Brakeman,only male,1.0
451,1860,Railroad Conductor,only male,1.0
453,1860,Real Estate Agent,only male,1.0
455,1860,Religious Worker,balanced,-0.08105206655931294
458,1860,Roller,only male,1.0
459,1860,Roofer,only male,1.0
460,1860,Sailor,male dominant,0.9911636918741193
461,1860,Salesman,male dominant,0.9461304609136582
462,1860,Sawyer,only male,1.0
470,1860,Security Guard,male dominant,0.9029407038405913
472,1860,Service Worker,female dominant,-0.6666666666666666
474,1860,Sheriff / Bailiff,only male,1.0
475,1860,Ship Officers,only male,1.0
476,1860,Shipping and Receiving,only male,1.0
477,1860,Shoemaker,male dominant,0.9896687312071136
480,1860,Stationary Engineer,male dominant,0.9907695119722172
488,1860,Teacher,balanced,-0.19751502583388986
499,1860,Ticket Agent,only male,1.0
500,1860,Tool Maker,only male,1.0
501,1860,Truck / Tractor Driver,male dominant,0.9936902545982269
502,1860,Typesetter,male dominant,0.9908999908999909
504,1860,Upholsterer,male dominant,0.8450920245398773
507,1860,Waiter / Waitress,male dominant,0.8366353840806395
525,1870,Architect,only male,1.0
526,1870,Artist / Art Teacher,male dominant,0.761972498814604
529,1870,Author,balanced,0.20238095238095238
531,1870,Baker,male dominant,0.9516950852557673
533,1870,Barber / Beautician,male dominant,0.9135101257393552
534,1870,Bartender,only male,1.0
535,1870,Bill Collector,only male,1.0
540,1870,Boilermaker,only male,1.0
542,1870,Bookkeeper,male dominant,0.9248744267307273
548,1870,Cabinet Maker,male dominant,0.9935583612471013
550,1870,Carpenter,male dominant,0.9982872147957419
555,1870,Chemist,only male,1.0
557,1870,Clergyman,male dominant,0.9912813394638674
558,1870,Clerical Worker,male dominant,0.9287676306286843
569,1870,Delivery Man,male dominant,0.9483772041911577
571,1870,Dentist,only male,1.0
572,1870,Designer,only male,1.0
576,1870,Draftsman,only male,1.0
577,1870,Dressmaker / Seamstress,female dominant,-0.9756841505131129
580,1870,Editor / Reporter,male dominant,0.9662959218065386
587,1870,Engineer - Civil,only male,1.0
590,1870,Engineer - Mechanical,only male,1.0
593,1870,Engraver,only male,1.0
594,1870,Entertainer,male dominant,0.7134751773049646
596,1870,Farm Foreman,only male,1.0
597,1870,Farm Laborer,male dominant,0.7318911504170895
599,1870,Farmer,male dominant,0.9708524670758502
600,1870,Fireman,only male,1.0
601,1870,Fisherman,only male,1.0
603,1870,Foremen,male dominant,0.9619282128989488
606,1870,Funeral Director,only male,1.0
609,1870,Gardener / Groundskeeper,male dominant,0.9935790419930653
612,1870,Household Worker,female dominant,-0.8324175447731539
616,1870,Inspector,only male,1.0
618,1870,Insurance Agent,male dominant,0.9075179911192773
619,1870,Janitor,male dominant,0.8179626280892104
620,1870,Jeweler,male dominant,0.9864219936815218
622,1870,Laborer,male dominant,0.9365238108240949
623,1870,Laundry / Dry Cleaning,balanced,0.27045619116582187
624,1870,Lawyer / Judge,only male,1.0
628,1870,Locomotive Engineer,only male,1.0
632,1870,Lumberman,only male,1.0
633,1870,Machinist,only male,1.0
634,1870,Mail Carrier,only male,1.0
635,1870,Manager / Owner,male dominant,0.9289219232017392
636,1870,Mason,male dominant,0.9931861912846632
638,1870,Meat Cutter,male dominant,0.9952362984624092
639,1870,Mechanic,only male,1.0
645,1870,Messenger,male dominant,0.944855290787912
646,1870,Metal Filer,male dominant,0.7991034368255022
648,1870,Metal Worker,male dominant,0.9933421226104153
650,1870,Military,male dominant,0.9933428752121959
654,1870,Miner,male dominant,0.9964853478574588
655,1870,Model Maker,only male,1.0
659,1870,Musician / Music Teacher,balanced,0.15390988464725003
660,1870,Newsboy,male dominant,0.9004479840716775
661,1870,Nurse,female dominant,-0.8729446935724963
665,1870,Operative,male dominant,0.539551855979339
669,1870,Painter,male dominant,0.9930605187319884
674,1870,Photographer,male dominant,0.9162752141475545
675,1870,Physician / Surgeon,male dominant,0.9710900398151553
678,1870,Plasterer,male dominant,0.9898964384945693
679,1870,Plumber,male dominant,0.9845447589900536
680,1870,Policeman / Detective,male dominant,0.9839133551007406
681,1870,Porter,only male,1.0
684,1870,Pressman,only male,1.0
686,1870,Professional - Misc,male dominant,0.9003487792725461
687,1870,Professor,only male,1.0
702,1870,Public Officials,male dominant,0.9867321215337668
705,1870,Railroad Brakeman,only male,1.0
706,1870,Railroad Conductor,only male,1.0
708,1870,Real Estate Agent,only male,1.0
710,1870,Religious Worker,female dominant,-0.8937724073828177
713,1870,Roller,only male,1.0
714,1870,Roofer,only male,1.0
715,1870,Sailor,male dominant,0.9938822097093288
716,1870,Salesman,male dominant,0.8889655886515031
717,1870,Sawyer,only male,1.0
725,1870,Security Guard,only male,1.0
727,1870,Service Worker,female dominant,-0.41184734254273003
729,1870,Sheriff / Bailiff,only male,1.0
730,1870,Ship Officers,only male,1.0
731,1870,Shipping and Receiving,only male,1.0
732,1870,Shoemaker,male dominant,0.9945907702778947
735,1870,Stationary Engineer,only male,1.0
743,1870,Teacher,female dominant,-0.3374846754178752
754,1870,Ticket Agent,male dominant,0.9794976934905176
755,1870,Tool Maker,only male,1.0
756,1870,Truck / Tractor Driver,male dominant,0.9983095829741198
757,1870,Typesetter,male dominant,0.9317313616759089
759,1870,Upholsterer,male dominant,0.8888274336283186
762,1870,Waiter / Waitress,male dominant,0.4225612393347226
780,1880,Architect,only male,1.0
781,1880,Artist / Art Teacher,balanced,0.23563865735526018
784,1880,Author,male dominant,0.7790178571428571
786,1880,Baker,male dominant,0.9523062608002126
788,1880,Barber / Beautician,male dominant,0.8718635496796588
789,1880,Bartender,male dominant,0.9922296903531606
790,1880,Bill Collector,male dominant,0.9472016895459345
795,1880,Boilermaker,only male,1.0
797,1880,Bookkeeper,male dominant,0.911966358899351
803,1880,Cabinet Maker,male dominant,0.9889831442106423
805,1880,Carpenter,male dominant,0.9958847630515668
810,1880,Chemist,only male,1.0
812,1880,Clergyman,male dominant,0.9741199187284753
813,1880,Clerical Worker,male dominant,0.9076762885405217
824,1880,Delivery Man,male dominant,0.9381026438569207
826,1880,Dentist,only male,1.0
827,1880,Designer,only male,1.0
831,1880,Draftsman,only male,1.0
832,1880,Dressmaker / Seamstress,female dominant,-0.9914870749401835
835,1880,Editor / Reporter,male dominant,0.9348109517601043
842,1880,Engineer - Civil,only male,1.0
845,1880,Engineer - Mechanical,only male,1.0
848,1880,Engraver,only male,1.0
849,1880,Entertainer,male dominant,0.8005512402906539
851,1880,Farm Foreman,male dominant,0.9002256204562546
852,1880,Farm Laborer,male dominant,0.7026304417883533
854,1880,Farmer,male dominant,0.958098300074394
855,1880,Fireman,male dominant,0.9878973105134474
856,1880,Fisherman,male dominant,0.9656753194659332
858,1880,Foremen,male dominant,0.9491122249596466
861,1880,Funeral Director,male dominant,0.9663437021927588
864,1880,Gardener / Groundskeeper,male dominant,0.9580413045509766
867,1880,Household Worker,female dominant,-0.6907524324441041
871,1880,Inspector,only male,1.0
873,1880,Insurance Agent,only male,1.0
874,1880,Janitor,male dominant,0.8295218295218295
875,1880,Jeweler,male dominant,0.9475688213926211
877,1880,Laborer,male dominant,0.8432642770800018
878,1880,Laundry / Dry Cleaning,female dominant,-0.42470607183121273
879,1880,Lawyer / Judge,only male,1.0
883,1880,Locomotive Engineer,only male,1.0
887,1880,Lumberman,male dominant,0.9804209495839452
888,1880,Machinist,male dominant,0.9976568879211389
889,1880,Mail Carrier,only male,1.0
890,1880,Manager / Owner,male dominant,0.8932208793786959
891,1880,Mason,male dominant,0.9917131936315893
893,1880,Meat Cutter,male dominant,0.9897186147186147
894,1880,Mechanic,only male,1.0
900,1880,Messenger,male dominant,0.8876126126126126
901,1880,Metal Filer,male dominant,0.9475556726841481
903,1880,Metal Worker,male dominant,0.9853381062129162
905,1880,Military,male dominant,0.9784335573847094
909,1880,Miner,male dominant,0.9992718826566089
910,1880,Model Maker,only male,1.0
914,1880,Musician / Music Teacher,balanced,0.04348584384628801
915,1880,Newsboy,only male,1.0
916,1880,Nurse,female dominant,-0.8424991417782355
920,1880,Operative,male dominant,0.5303045302117234
924,1880,Painter,male dominant,0.9893801539725527
929,1880,Photographer,male dominant,0.8771667399912011
930,1880,Physician / Surgeon,male dominant,0.941871678141329
933,1880,Plasterer,only male,1.0
934,1880,Plumber,only male,1.0
935,1880,Policeman / Detective,only male,1.0
936,1880,Porter,only male,1.0
939,1880,Pressman,only male,1.0
941,1880,Professional - Misc,male dominant,0.6923472008217771
942,1880,Professor,only male,1.0
957,1880,Public Officials,male dominant,0.9381848253049411
960,1880,Railroad Brakeman,only male,1.0
961,1880,Railroad Conductor,male dominant,0.9892694558855408
963,1880,Real Estate Agent,only male,1.0
965,1880,Religious Worker,female dominant,-0.9724502574092111
968,1880,Roller,only male,1.0
969,1880,Roofer,only male,1.0
970,1880,Sailor,male dominant,0.9917426125379729
971,1880,Salesman,male dominant,0.8357047469661532
972,1880,Sawyer,only male,1.0
980,1880,Security Guard,male dominant,0.9826680672268907
982,1880,Service Worker,male dominant,0.540233857496688
984,1880,Sheriff / Bailiff,only male,1.0
985,1880,Ship Officers,only male,1.0
986,1880,Shipping and Receiving,only male,1.0
987,1880,Shoemaker,male dominant,0.9963185644251226
990,1880,Stationary Engineer,male dominant,0.996781150416841
998,1880,Teacher,female dominant,-0.350708274166176
1009,1880,Ticket Agent,male dominant,0.962448825937603
1010,1880,Tool Maker,only male,1.0
1011,1880,Truck / Tractor Driver,male dominant,0.9974809488847819
1012,1880,Typesetter,male dominant,0.9247077403738864
1014,1880,Upholsterer,male dominant,0.8944702406078514
1017,1880,Waiter / Waitress,male dominant,0.5773228346456692
1035,1900,Architect,male dominant,0.9804897083211394
1036,1900,Artist / Art Teacher,balanced,0.12375130460712688
1039,1900,Author,balanced,-0.1578395385422129
1041,1900,Baker,male dominant,0.8895144641947506
1043,1900,Barber / Beautician,male dominant,0.8868114038476397
1044,1900,Bartender,male dominant,0.9890124292798008
1045,1900,Bill Collector,male dominant,0.9812254810386699
1050,1900,Boilermaker,male dominant,0.992991309223437
1052,1900,Bookkeeper,male dominant,0.4654128926686487
1058,1900,Cabinet Maker,male dominant,0.9836278868047273
1060,1900,Carpenter,male dominant,0.9963337028437902
1065,1900,Chemist,male dominant,0.9042654028436019
1067,1900,Clergyman,male dominant,0.9779202604933642
1068,1900,Clerical Worker,male dominant,0.7291062623013269
1079,1900,Delivery Man,male dominant,0.9952379818567109
1081,1900,Dentist,male dominant,0.9550419384902143
1082,1900,Designer,male dominant,0.8422431865828093
1086,1900,Draftsman,male dominant,0.968001273581151
1087,1900,Dressmaker / Seamstress,female dominant,-0.9815787979259221
1090,1900,Editor / Reporter,male dominant,0.824229260543975
1097,1900,Engineer - Civil,only male,1.0
1100,1900,Engineer - Mechanical,male dominant,0.9820380579761693
1103,1900,Engraver,male dominant,0.8986623429266315
1104,1900,Entertainer,male dominant,0.8046172539489672
1106,1900,Farm Foreman,male dominant,0.9514798641436196
1107,1900,Farm Laborer,male dominant,0.7081325593167401
1109,1900,Farmer,male dominant,0.8919252032281345
1110,1900,Fireman,male dominant,0.9951095461658842
1111,1900,Fisherman,male dominant,0.9092376635284698
1113,1900,Foremen,male dominant,0.8604463279638855
1116,1900,Funeral Director,male dominant,0.9673895320397847
1119,1900,Gardener / Groundskeeper,male dominant,0.9680042425313771
1122,1900,Household Worker,female dominant,-0.860694597399465
1126,1900,Inspector,male dominant,0.9335885800718472
1128,1900,Insurance Agent,male dominant,0.9591765476103877
1129,1900,Janitor,male dominant,0.7382824339020521
1130,1900,Jeweler,male dominant,0.9041271175111247
1132,1900,Laborer,male dominant,0.9174492028147141
1133,1900,Laundry / Dry Cleaning,balanced,0.21933551403040444
1134,1900,Lawyer / Judge,male dominant,0.9918429462791052
1138,1900,Locomotive Engineer,male dominant,0.9962022672464539
1142,1900,Lumberman,male dominant,0.9944438311807778
1143,1900,Machinist,male dominant,0.9908677526500163
1144,1900,Mail Carrier,male dominant,0.9778145087235997
1145,1900,Manager / Owner,male dominant,0.870363836275872
1146,1900,Mason,male dominant,0.9932869815391993
1148,1900,Meat Cutter,male dominant,0.9888268156424581
1149,1900,Mechanic,male dominant,0.9818984149855908
1155,1900,Messenger,male dominant,0.8577881354822661
1156,1900,Metal Filer,male dominant,0.9163807469855897
1158,1900,Metal Worker,male dominant,0.9968835336408658
1160,1900,Military,male dominant,0.9969757083504884
1164,1900,Miner,male dominant,0.990430003233107
1165,1900,Model Maker,male dominant,0.9625528738492162
1169,1900,Musician / Music Teacher,balanced,-0.1107777164920022
1170,1900,Newsboy,only male,1.0
1171,1900,Nurse,female dominant,-0.8602599857313604
1175,1900,Operative,male dominant,0.3621850577375275
1179,1900,Painter,male dominant,0.9792611472223607
1184,1900,Photographer,male dominant,0.7710202590231822
1185,1900,Physician / Surgeon,male dominant,0.9084022822217527
1188,1900,Plasterer,male dominant,0.989970310122003
1189,1900,Plumber,male dominant,0.9955339870220316
1190,1900,Policeman / Detective,male dominant,0.9904533472654302
1191,1900,Porter,male dominant,0.9889499732660644
1194,1900,Pressman,male dominant,0.9211577499836291
1196,1900,Professional - Misc,male dominant,0.6547296075239646
1197,1900,Professor,male dominant,0.749727965179543
1212,1900,Public Officials,male dominant,0.9145867702623597
1215,1900,Railroad Brakeman,male dominant,0.9971893137709572
1216,1900,Railroad Conductor,male dominant,0.9963522103438313
1218,1900,Real Estate Agent,male dominant,0.9499769069527836
1220,1900,Religious Worker,female dominant,-0.7550980069181354
1223,1900,Roller,only male,1.0
1224,1900,Roofer,only male,1.0
1225,1900,Sailor,male dominant,0.9802814692853503
1226,1900,Salesman,male dominant,0.6086861255838936
1227,1900,Sawyer,male dominant,0.9799950236377208
1235,1900,Security Guard,male dominant,0.9701728655471878
1237,1900,Service Worker,female dominant,-0.4108637178720861
1239,1900,Sheriff / Bailiff,only male,1.0
1240,1900,Ship Officers,male dominant,0.9773179616207893
1241,1900,Shipping and Receiving,male dominant,0.9426923676417104
1242,1900,Shoemaker,male dominant,0.9002756339581036
1245,1900,Stationary Engineer,male dominant,0.997425374085498
1253,1900,Teacher,female dominant,-0.4914512055526282
1264,1900,Ticket Agent,male dominant,0.9780321361572551
1265,1900,Tool Maker,only male,1.0
1266,1900,Truck / Tractor Driver,male dominant,0.9921996951289294
1267,1900,Typesetter,male dominant,0.7889402651469911
1269,1900,Upholsterer,male dominant,0.923983778175988
1272,1900,Waiter / Waitress,balanced,0.18621502098974355
1290,1910,Architect,only male,1.0
1291,1910,Artist / Art Teacher,balanced,0.12676135092820398
1294,1910,Author,balanced,0.25
1296,1910,Baker,male dominant,0.8644633437399074
1298,1910,Barber / Beautician,male dominant,0.7984839201348977
1299,1910,Bartender,male dominant,0.9954425434947733
1300,1910,Bill Collector,male dominant,0.878751428399591
1305,1910,Boilermaker,male dominant,0.9874173012108352
1307,1910,Bookkeeper,balanced,0.2147190883661399
1313,1910,Cabinet Maker,male dominant,0.9514953203570483
1315,1910,Carpenter,male dominant,0.9938516362482533
1320,1910,Chemist,male dominant,0.9672024468015878
1322,1910,Clergyman,male dominant,0.9637091287469484
1323,1910,Clerical Worker,male dominant,0.6253938316456674
1334,1910,Delivery Man,male dominant,0.9771329013992487
1336,1910,Dentist,male dominant,0.9644853666557054
1337,1910,Designer,male dominant,0.4147947327652982
1341,1910,Draftsman,male dominant,0.9848421052631579
1342,1910,Dressmaker / Seamstress,female dominant,-0.9790124788017214
1345,1910,Editor / Reporter,male dominant,0.7987205848754855
1352,1910,Engineer - Civil,male dominant,0.9482379081202296
1355,1910,Engineer - Mechanical,only male,1.0
1358,1910,Engraver,male dominant,0.9629411764705882
1359,1910,Entertainer,male dominant,0.977517062943302
1361,1910,Farm Foreman,male dominant,0.7991263347663292
1362,1910,Farm Laborer,male dominant,0.5103393251212301
1364,1910,Farmer,male dominant,0.9067062855812537
1365,1910,Fireman,male dominant,0.9964009511771889
1366,1910,Fisherman,only male,1.0
1368,1910,Foremen,male dominant,0.8617790619294567
1371,1910,Funeral Director,male dominant,0.8571833702002155
1374,1910,Gardener / Groundskeeper,male dominant,0.8886030150753769
1377,1910,Household Worker,female dominant,-0.7520836729571466
1381,1910,Inspector,male dominant,0.9495137844611529
1383,1910,Insurance Agent,male dominant,0.9222871827818824
1384,1910,Janitor,male dominant,0.6755321495046798
1385,1910,Jeweler,male dominant,0.928538513345858
1387,1910,Laborer,male dominant,0.9323121437686908
1388,1910,Laundry / Dry Cleaning,balanced,-0.2879143507813659
1389,1910,Lawyer / Judge,male dominant,0.9776066930710694
1393,1910,Locomotive Engineer,male dominant,0.9952699595506461
1397,1910,Lumberman,male dominant,0.9930658946787979
1398,1910,Machinist,male dominant,0.9861989576481304
1399,1910,Mail Carrier,male dominant,0.988124410933082
1400,1910,Manager / Owner,male dominant,0.8965241631037484
1401,1910,Mason,male dominant,0.9972590969159402
1403,1910,Meat Cutter,only male,1.0
1404,1910,Mechanic,male dominant,0.9876479670612455
1410,1910,Messenger,male dominant,0.8351126330278309
1411,1910,Metal Filer,male dominant,0.8255008771119934
1413,1910,Metal Worker,only male,1.0
1415,1910,Military,only male,1.0
1419,1910,Miner,male dominant,0.9928601794220561
1420,1910,Model Maker,male dominant,0.9787162162162162
1424,1910,Musician / Music Teacher,balanced,-0.18861728274036677
1425,1910,Newsboy,male dominant,0.965505441106016
1426,1910,Nurse,female dominant,-0.821126862841605
1430,1910,Operative,balanced,0.30045346513361093
1434,1910,Painter,male dominant,0.9836427013450056
1439,1910,Photographer,male dominant,0.6350116579494612
1440,1910,Physician / Surgeon,male dominant,0.9026216745720768
1443,1910,Plasterer,only male,1.0
1444,1910,Plumber,male dominant,0.9901606700115183
1445,1910,Policeman / Detective,only male,1.0
1446,1910,Porter,male dominant,0.9773274252682247
1449,1910,Pressman,male dominant,0.9230358097274185
1451,1910,Professional - Misc,balanced,0.045427888302431545
1452,1910,Professor,male dominant,0.6862790878667601
1467,1910,Public Officials,male dominant,0.7898751552956916
1470,1910,Railroad Brakeman,male dominant,0.9946788293424553
1471,1910,Railroad Conductor,only male,1.0
1473,1910,Real Estate Agent,male dominant,0.9493077214788215
1475,1910,Religious Worker,balanced,-0.05135644118694966
1478,1910,Roller,male dominant,0.9696842105263158
1479,1910,Roofer,only male,1.0
1480,1910,Sailor,male dominant,0.9900951183083091
1481,1910,Salesman,male dominant,0.5027382775112952
1482,1910,Sawyer,only male,1.0
1490,1910,Security Guard,male dominant,0.9753213493609774
1492,1910,Service Worker,male dominant,0.8665960825833775
1494,1910,Sheriff / Bailiff,only male,1.0
1495,1910,Ship Officers,only male,1.0
1496,1910,Shipping and Receiving,male dominant,0.9611515782171349
1497,1910,Shoemaker,male dominant,0.9923045210938574
1500,1910,Stationary Engineer,male dominant,0.9933323618893702
1508,1910,Teacher,female dominant,-0.6070885232670239
1519,1910,Ticket Agent,male dominant,0.9160022684057778
1520,1910,Tool Maker,male dominant,0.9583195501157791
1521,1910,Truck / Tractor Driver,male dominant,0.9895243945811374
1522,1910,Typesetter,male dominant,0.8161244695898161
1524,1910,Upholsterer,male dominant,0.8379190131402521
1527,1910,Waiter / Waitress,balanced,0.1269896584851282
1545,1920,Architect,male dominant,0.9871291588905335
1546,1920,Artist / Art Teacher,balanced,0.18093614018581677
1549,1920,Author,balanced,0.1349112426035503
1551,1920,Baker,male dominant,0.910659996151626
1553,1920,Barber / Beautician,male dominant,0.7016847418320715
1554,1920,Bartender,male dominant,0.991372314526118
1555,1920,Bill Collector,male dominant,0.8031767324166946
1560,1920,Boilermaker,male dominant,0.9944003215656922
1562,1920,Bookkeeper,balanced,-0.07383484614351617
1568,1920,Cabinet Maker,male dominant,0.9814344126422809
1570,1920,Carpenter,male dominant,0.9925858175623002
1575,1920,Chemist,male dominant,0.9150954725591449
1577,1920,Clergyman,male dominant,0.9631591346044243
1578,1920,Clerical Worker,male dominant,0.3415364187027192
1589,1920,Delivery Man,male dominant,0.985524743007411
1591,1920,Dentist,male dominant,0.9717871626345965
1592,1920,Designer,male dominant,0.35335311572700295
1596,1920,Draftsman,male dominant,0.9431617674663063
1597,1920,Dressmaker / Seamstress,female dominant,-0.9435138778472918
1600,1920,Editor / Reporter,male dominant,0.6647718991400671
1607,1920,Engineer - Civil,only male,1.0
1610,1920,Engineer - Mechanical,only male,1.0
1613,1920,Engraver,male dominant,0.8866654198616046
1614,1920,Entertainer,male dominant,0.8002478314745973
1616,1920,Farm Foreman,male dominant,0.8536379018612521
1617,1920,Farm Laborer,male dominant,0.601556830156186
1619,1920,Farmer,male dominant,0.9155950677885208
1620,1920,Fireman,male dominant,0.9937213783957397
1621,1920,Fisherman,male dominant,0.984568962224514
1623,1920,Foremen,male dominant,0.8350587996713923
1626,1920,Funeral Director,male dominant,0.9293323396606901
1629,1920,Gardener / Groundskeeper,male dominant,0.9555142290845915
1632,1920,Household Worker,female dominant,-0.8626811875219519
1636,1920,Inspector,male dominant,0.923145491969336
1638,1920,Insurance Agent,male dominant,0.9094230183781705
1639,1920,Janitor,male dominant,0.7250679343502803
1640,1920,Jeweler,male dominant,0.8543274301893077
1642,1920,Laborer,male dominant,0.8982318059590728
1643,1920,Laundry / Dry Cleaning,balanced,-0.28946276167993984
1644,1920,Lawyer / Judge,male dominant,0.9818933666103893
1648,1920,Locomotive Engineer,male dominant,0.9928934815768359
1652,1920,Lumberman,male dominant,0.9875538696354821
1653,1920,Machinist,male dominant,0.9838575782731729
1654,1920,Mail Carrier,male dominant,0.9814663618549967
1655,1920,Manager / Owner,male dominant,0.8700489549277045
1656,1920,Mason,male dominant,0.9920277131874911
1658,1920,Meat Cutter,male dominant,0.9793297937705796
1659,1920,Mechanic,male dominant,0.9782970100492122
1665,1920,Messenger,male dominant,0.7910796772276848
1666,1920,Metal Filer,male dominant,0.9043885165043632
1668,1920,Metal Worker,male dominant,0.9922636744349606
1670,1920,Military,male dominant,0.9927625955601
1674,1920,Miner,male dominant,0.9919688928059761
1675,1920,Model Maker,male dominant,0.986564235591473
1679,1920,Musician / Music Teacher,balanced,-0.1673257295990065
1680,1920,Newsboy,male dominant,0.9632671616911653
1681,1920,Nurse,female dominant,-0.9337021160986506
1685,1920,Operative,balanced,0.278844272332218
1689,1920,Painter,male dominant,0.9606714033440233
1694,1920,Photographer,male dominant,0.6536232920809786
1695,1920,Physician / Surgeon,male dominant,0.9180744924821733
1698,1920,Plasterer,male dominant,0.9947591002257219
1699,1920,Plumber,male dominant,0.9944240835279673
1700,1920,Policeman / Detective,male dominant,0.9762283112867205
1701,1920,Porter,male dominant,0.9749962397034232
1704,1920,Pressman,male dominant,0.9426575698505523
1706,1920,Professional - Misc,male dominant,0.4876790830945559
1707,1920,Professor,male dominant,0.3382511828918446
1722,1920,Public Officials,male dominant,0.825714645510641
1725,1920,Railroad Brakeman,male dominant,0.9950329355844113
1726,1920,Railroad Conductor,male dominant,0.9951230111784447
1728,1920,Real Estate Agent,male dominant,0.9303909691188151
1730,1920,Religious Worker,female dominant,-0.5841062011274777
1733,1920,Roller,male dominant,0.984792312930317
1734,1920,Roofer,only male,1.0
1735,1920,Sailor,male dominant,0.9848646623583404
1736,1920,Salesman,male dominant,0.4003487774956492
1737,1920,Sawyer,male dominant,0.9846772358340287
1745,1920,Security Guard,male dominant,0.9781192130974795
1747,1920,Service Worker,balanced,-0.2878166017450467
1749,1920,Sheriff / Bailiff,male dominant,0.9593117408906883
1750,1920,Ship Officers,male dominant,0.9908595217086359
1751,1920,Shipping and Receiving,male dominant,0.9210437802617273
1752,1920,Shoemaker,male dominant,0.9080570813436749
1755,1920,Stationary Engineer,male dominant,0.9960958073416217
1763,1920,Teacher,female dominant,-0.6744526277787768
1774,1920,Ticket Agent,male dominant,0.9360643827194992
1775,1920,Tool Maker,male dominant,0.9901228933728852
1776,1920,Truck / Tractor Driver,male dominant,0.9857957876470254
1777,1920,Typesetter,male dominant,0.8517276171512191
1779,1920,Upholsterer,male dominant,0.9265320967448627
1782,1920,Waiter / Waitress,balanced,0.02171945701357466
1800,1930,Architect,only male,1.0
1801,1930,Artist / Art Teacher,balanced,0.2660084216640046
1804,1930,Author,balanced,0.19990503323836656
1806,1930,Baker,male dominant,0.8490498440042396
1808,1930,Barber / Beautician,male dominant,0.39666739460546563
1809,1930,Bartender,only male,1.0
1810,1930,Bill Collector,male dominant,0.8228209429852017
1815,1930,Boilermaker,only male,1.0
1817,1930,Bookkeeper,balanced,-0.24403686317445092
1823,1930,Cabinet Maker,male dominant,0.9837257172262962
1825,1930,Carpenter,male dominant,0.9988133180424907
1830,1930,Chemist,male dominant,0.9737163973247976
1832,1930,Clergyman,male dominant,0.9637484321806128
1833,1930,Clerical Worker,male dominant,0.37145563243525
1844,1930,Delivery Man,male dominant,0.9788538590870689
1846,1930,Dentist,male dominant,0.9300604501251885
1847,1930,Designer,balanced,-0.00017979144192736425
1851,1930,Draftsman,male dominant,0.9161306371939302
1852,1930,Dressmaker / Seamstress,female dominant,-0.9465525721508544
1855,1930,Editor / Reporter,male dominant,0.5902000843142977
1862,1930,Engineer - Civil,only male,1.0
1865,1930,Engineer - Mechanical,only male,1.0
1868,1930,Engraver,male dominant,0.6247527200791295
1869,1930,Entertainer,male dominant,0.7271501752493934
1871,1930,Farm Foreman,male dominant,0.8634953464322648
1872,1930,Farm Laborer,male dominant,0.6842311557691918
1874,1930,Farmer,male dominant,0.9182828879726106
1875,1930,Fireman,male dominant,0.9846609937976182
1876,1930,Fisherman,only male,1.0
1878,1930,Foremen,male dominant,0.8505879944093794
1881,1930,Funeral Director,male dominant,0.9393939393939394
1884,1930,Gardener / Groundskeeper,male dominant,0.9839370829361297
1887,1930,Household Worker,female dominant,-0.8942797358306654
1891,1930,Inspector,male dominant,0.9368016077195561
1893,1930,Insurance Agent,male dominant,0.8895418098093576
1894,1930,Janitor,male dominant,0.8218008387704747
1895,1930,Jeweler,male dominant,0.8786752585044209
1897,1930,Laborer,male dominant,0.912324916343664
1898,1930,Laundry / Dry Cleaning,balanced,-0.32742842988074594
1899,1930,Lawyer / Judge,male dominant,0.968634114276501
1903,1930,Locomotive Engineer,male dominant,0.991181750056639
1907,1930,Lumberman,male dominant,0.986408563950398
1908,1930,Machinist,male dominant,0.974114972638108
1909,1930,Mail Carrier,male dominant,0.990982642477813
1910,1930,Manager / Owner,male dominant,0.8574024286331254
1911,1930,Mason,male dominant,0.9938904515621692
1913,1930,Meat Cutter,male dominant,0.9848057467373726
1914,1930,Mechanic,male dominant,0.9810975752332406
1920,1930,Messenger,male dominant,0.8549772765019402
1921,1930,Metal Filer,male dominant,0.9199954786933424
1923,1930,Metal Worker,male dominant,0.9920718401180589
1925,1930,Military,only male,1.0
1929,1930,Miner,male dominant,0.9946847801228652
1930,1930,Model Maker,only male,1.0
1934,1930,Musician / Music Teacher,balanced,0.07876658953855008
1935,1930,Newsboy,only male,1.0
1936,1930,Nurse,female dominant,-0.9794240149902746
1940,1930,Operative,balanced,0.25661609304491867
1944,1930,Painter,male dominant,0.9501665748583717
1949,1930,Photographer,male dominant,0.7999604404298807
1950,1930,Physician / Surgeon,male dominant,0.8839646208898791
1953,1930,Plasterer,only male,1.0
1954,1930,Plumber,male dominant,0.9959555511062168
1955,1930,Policeman / Detective,male dominant,0.9788065397761825
1956,1930,Porter,male dominant,0.9688343376834634
1959,1930,Pressman,male dominant,0.9714043515117264
1961,1930,Professional - Misc,male dominant,0.8529163636363636
1962,1930,Professor,male dominant,0.3697292880641624
1977,1930,Public Officials,male dominant,0.8938486853621819
1980,1930,Railroad Brakeman,male dominant,0.9885609648577468
1981,1930,Railroad Conductor,only male,1.0
1983,1930,Real Estate Agent,male dominant,0.8895515006527077
1985,1930,Religious Worker,female dominant,-0.6169791863964476
1988,1930,Roller,only male,1.0
1989,1930,Roofer,only male,1.0
1990,1930,Sailor,only male,1.0
1991,1930,Salesman,male dominant,0.44771039922157135
1992,1930,Sawyer,only male,1.0
2000,1930,Security Guard,male dominant,0.9866532143728527
2002,1930,Service Worker,balanced,-0.2602278401635061
2004,1930,Sheriff / Bailiff,only male,1.0
2005,1930,Ship Officers,only male,1.0
2006,1930,Shipping and Receiving,male dominant,0.9768791414866186
2007,1930,Shoemaker,male dominant,0.8814480566095785
2010,1930,Stationary Engineer,male dominant,0.9807607263943243
2018,1930,Teacher,female dominant,-0.6029246367766163
2029,1930,Ticket Agent,male dominant,0.9819662490867295
2030,1930,Tool Maker,only male,1.0
2031,1930,Truck / Tractor Driver,male dominant,0.9946358873191634
2032,1930,Typesetter,male dominant,0.8767706311931078
2034,1930,Upholsterer,male dominant,0.7955173886653328
2037,1930,Waiter / Waitress,balanced,-0.09094446639034486
2055,1940,Architect,male dominant,0.9700474495848161
2056,1940,Artist / Art Teacher,male dominant,0.3736307413472392
2059,1940,Author,male dominant,0.4801207527779562
2061,1940,Baker,male dominant,0.8379884220994329
2063,1940,Barber / Beautician,balanced,-0.00805386460898544
2064,1940,Bartender,male dominant,0.9014501701542781
2065,1940,Bill Collector,male dominant,0.8402143995364334
2070,1940,Boilermaker,male dominant,0.9824981949458483
2072,1940,Bookkeeper,balanced,-0.023460356953540557
2078,1940,Cabinet Maker,male dominant,0.8817148433044822
2080,1940,Carpenter,male dominant,0.9948773580842449
2085,1940,Chemist,male dominant,0.9345768756000549
2087,1940,Clergyman,male dominant,0.9416422904675149
2088,1940,Clerical Worker,balanced,0.2812950143009636
2099,1940,Delivery Man,male dominant,0.9815101870779604
2101,1940,Dentist,male dominant,0.9600958826847151
2102,1940,Designer,balanced,0.2756218099327554
2106,1940,Draftsman,male dominant,0.9568749266126536
2107,1940,Dressmaker / Seamstress,female dominant,-0.9104927821724276
2110,1940,Editor / Reporter,male dominant,0.5178054128455051
2117,1940,Engineer - Civil,male dominant,0.9933184118548574
2120,1940,Engineer - Mechanical,male dominant,0.9950343539129045
2123,1940,Engraver,male dominant,0.8191382204812535
2124,1940,Entertainer,male dominant,0.7655821246569973
2126,1940,Farm Foreman,male dominant,0.9751771597099905
2127,1940,Farm Laborer,male dominant,0.7742714009269682
2129,1940,Farmer,male dominant,0.9382006260954757
2130,1940,Fireman,male dominant,0.9852516928166776
2131,1940,Fisherman,male dominant,0.9126975007181845
2133,1940,Foremen,male dominant,0.843283074040335
2136,1940,Funeral Director,male dominant,0.9060765929530109
2139,1940,Gardener / Groundskeeper,male dominant,0.9733168020430979
2142,1940,Household Worker,female dominant,-0.8458277645797865
2146,1940,Inspector,male dominant,0.8823529411764706
2148,1940,Insurance Agent,male dominant,0.8727904663329292
2149,1940,Janitor,male dominant,0.784374910834948
2150,1940,Jeweler,male dominant,0.7978719116520898
2152,1940,Laborer,male dominant,0.9433565444019929
2153,1940,Laundry / Dry Cleaning,female dominant,-0.5306017725284188
2154,1940,Lawyer / Judge,male dominant,0.9453753641161711
2158,1940,Locomotive Engineer,male dominant,0.9942394342097759
2162,1940,Lumberman,male dominant,0.9898319306991782
2163,1940,Machinist,male dominant,0.9818766707444158
2164,1940,Mail Carrier,male dominant,0.9630674817364484
2165,1940,Manager / Owner,male dominant,0.7877797069342586
2166,1940,Mason,male dominant,0.9810677722765635
2168,1940,Meat Cutter,male dominant,0.9865857553497285
2169,1940,Mechanic,male dominant,0.9569577269892713
2175,1940,Messenger,male dominant,0.921871788430356
2176,1940,Metal Filer,male dominant,0.8646748054544157
2178,1940,Metal Worker,male dominant,0.9445643367723711
2180,1940,Military,male dominant,0.9965764742769496
2184,1940,Miner,male dominant,0.9878572312337608
2185,1940,Model Maker,male dominant,0.9709369244935543
2189,1940,Musician / Music Teacher,balanced,0.13972233454643482
2190,1940,Newsboy,male dominant,0.9470917948628402
2191,1940,Nurse,female dominant,-0.9123759784258871
2195,1940,Operative,balanced,0.1872416164266534
2199,1940,Painter,male dominant,0.9541469393594336
2204,1940,Photographer,male dominant,0.8244525740946927
2205,1940,Physician / Surgeon,male dominant,0.9083037971793686
2208,1940,Plasterer,male dominant,0.9699190892996012
2209,1940,Plumber,male dominant,0.9865546869702517
2210,1940,Policeman / Detective,male dominant,0.9748640103685957
2211,1940,Porter,male dominant,0.9581412647784778
2214,1940,Pressman,male dominant,0.9609280226445612
2216,1940,Professional - Misc,male dominant,0.5605866338807411
2217,1940,Professor,male dominant,0.44904625559543493
2232,1940,Public Officials,male dominant,0.7867071663920923
2235,1940,Railroad Brakeman,male dominant,0.9879662108015081
2236,1940,Railroad Conductor,male dominant,0.9748870747171687
2238,1940,Real Estate Agent,male dominant,0.83568698982329
2240,1940,Religious Worker,female dominant,-0.45612691801169947
2243,1940,Roller,male dominant,0.9860800055128691
2244,1940,Roofer,male dominant,0.9567949094992381
2245,1940,Sailor,male dominant,0.9777753328198922
2246,1940,Salesman,male dominant,0.367533476702723
2247,1940,Sawyer,male dominant,0.9871351236599087
2255,1940,Security Guard,male dominant,0.9705490405117271
2257,1940,Service Worker,balanced,-0.09605479237076768
2259,1940,Sheriff / Bailiff,male dominant,0.9464758876523582
2260,1940,Ship Officers,male dominant,0.9824804856895056
2261,1940,Shipping and Receiving,male dominant,0.8591578853907281
2262,1940,Shoemaker,male dominant,0.9779445727482678
2265,1940,Stationary Engineer,male dominant,0.9864132576653267
2273,1940,Teacher,female dominant,-0.49490772859719717
2284,1940,Ticket Agent,male dominant,0.9030577265871383
2285,1940,Tool Maker,male dominant,0.9979041294874456
2286,1940,Truck / Tractor Driver,male dominant,0.9860132884339841
2287,1940,Typesetter,male dominant,0.8621617206643071
2289,1940,Upholsterer,male dominant,0.8922614429790535
2292,1940,Waiter / Waitress,female dominant,-0.33432077661604803
2310,1950,Architect,male dominant,0.9590354789060341
2311,1950,Artist / Art Teacher,balanced,0.2678541095391783
2314,1950,Author,balanced,0.2730187227494229
2316,1950,Baker,male dominant,0.8359448227809252
2318,1950,Barber / Beautician,balanced,-0.0007780460502868731
2319,1950,Bartender,male dominant,0.846414821196229
2320,1950,Bill Collector,male dominant,0.6489033895232916
2325,1950,Boilermaker,male dominant,0.9835112294213424
2327,1950,Bookkeeper,female dominant,-0.5418205343857152
2333,1950,Cabinet Maker,male dominant,0.9843669160316018
2335,1950,Carpenter,male dominant,0.9883130501550466
2340,1950,Chemist,male dominant,0.8034109387014231
2342,1950,Clergyman,male dominant,0.9088101107993992
2343,1950,Clerical Worker,balanced,0.014417430528784272
2354,1950,Delivery Man,male dominant,0.9633429385598555
2356,1950,Dentist,male dominant,0.944181840601751
2357,1950,Designer,male dominant,0.510309049793819
2361,1950,Draftsman,male dominant,0.8855609665833986
2362,1950,Dressmaker / Seamstress,female dominant,-0.9376867437301426
2365,1950,Editor / Reporter,male dominant,0.4460818611159699
2372,1950,Engineer - Civil,male dominant,0.9368408301092528
2375,1950,Engineer - Mechanical,male dominant,0.9873825571463607
2378,1950,Engraver,male dominant,0.7641374373657838
2379,1950,Entertainer,balanced,0.2565026898119905
2381,1950,Farm Foreman,male dominant,0.9549235309900724
2382,1950,Farm Laborer,male dominant,0.5450629203973058
2384,1950,Farmer,male dominant,0.9475642448624391
2385,1950,Fireman,male dominant,0.9687921402427278
2386,1950,Fisherman,male dominant,0.9646696088507345
2388,1950,Foremen,male dominant,0.8451378100039336
2391,1950,Funeral Director,male dominant,0.790990990990991
2394,1950,Gardener / Groundskeeper,male dominant,0.9539840848146236
2397,1950,Household Worker,female dominant,-0.8862252221274555
2401,1950,Inspector,male dominant,0.8775121198765976
2403,1950,Insurance Agent,male dominant,0.8430698557011925
2404,1950,Janitor,male dominant,0.7413598828793262
2405,1950,Jeweler,male dominant,0.883387482733799
2407,1950,Laborer,male dominant,0.9287164817622338
2408,1950,Laundry / Dry Cleaning,female dominant,-0.36332563920454547
2409,1950,Lawyer / Judge,male dominant,0.9342527635758753
2413,1950,Locomotive Engineer,male dominant,0.9952142811926316
2417,1950,Lumberman,male dominant,0.9832393199672628
2418,1950,Machinist,male dominant,0.9729453523319096
2419,1950,Mail Carrier,male dominant,0.9685106681968289
2420,1950,Manager / Owner,male dominant,0.7477830410105407
2421,1950,Mason,male dominant,0.9903866469469681
2423,1950,Meat Cutter,male dominant,0.9587844168745696
2424,1950,Mechanic,male dominant,0.9707700116442242
2430,1950,Messenger,male dominant,0.6503529839057499
2431,1950,Metal Filer,male dominant,0.9151387777295804
2433,1950,Metal Worker,male dominant,0.9812642461101925
2435,1950,Military,male dominant,0.959181899451274
2439,1950,Miner,male dominant,0.9975611930307307
2440,1950,Model Maker,male dominant,0.9106055341173028
2444,1950,Musician / Music Teacher,balanced,-0.05400716878819907
2445,1950,Newsboy,male dominant,0.9383460557309433
2446,1950,Nurse,female dominant,-0.9451831544637387
2450,1950,Operative,balanced,0.22307874104996106
2454,1950,Painter,male dominant,0.8960151890912292
2459,1950,Photographer,male dominant,0.6459210620226965
2460,1950,Physician / Surgeon,male dominant,0.8826884569486864
2463,1950,Plasterer,male dominant,0.965388765014745
2464,1950,Plumber,male dominant,0.9850012385855014
2465,1950,Policeman / Detective,male dominant,0.955375332071984
2466,1950,Porter,male dominant,0.9278394653292484
2469,1950,Pressman,male dominant,0.935012517243141
2471,1950,Professional - Misc,male dominant,0.6711983372516951
2472,1950,Professor,balanced,0.29021846569705284
2487,1950,Public Officials,male dominant,0.6784160172531145
2490,1950,Railroad Brakeman,male dominant,0.9879157842282297
2491,1950,Railroad Conductor,male dominant,0.9980615981046737
2493,1950,Real Estate Agent,male dominant,0.6897766447099898
2495,1950,Religious Worker,balanced,-0.291608282733925
2498,1950,Roller,male dominant,0.9702857808721997
2499,1950,Roofer,only male,1.0
2500,1950,Sailor,male dominant,0.9666412923961769
2501,1950,Salesman,balanced,0.23486592903207282
2502,1950,Sawyer,male dominant,0.9519713618057972
2510,1950,Security Guard,male dominant,0.959517231568623
2512,1950,Service Worker,balanced,-0.14272097433151118
2514,1950,Sheriff / Bailiff,male dominant,0.8848104443886518
2515,1950,Ship Officers,male dominant,0.7761229221519236
2516,1950,Shipping and Receiving,male dominant,0.8769921245953688
2517,1950,Shoemaker,male dominant,0.9501930367639386
2520,1950,Stationary Engineer,male dominant,0.984952542299255
2528,1950,Teacher,female dominant,-0.48931708972748716
2539,1950,Ticket Agent,male dominant,0.7594600868901934
2540,1950,Tool Maker,male dominant,0.9950522536306095
2541,1950,Truck / Tractor Driver,male dominant,0.9924839827808697
2542,1950,Typesetter,male dominant,0.872109846165517
2544,1950,Upholsterer,male dominant,0.8626159832385514
2547,1950,Waiter / Waitress,female dominant,-0.6489623047948582
2565,1960,Architect,male dominant,0.929912070343725
2566,1960,Artist / Art Teacher,balanced,0.08274362887933027
2569,1960,Author,balanced,0.2968183648811921
2571,1960,Baker,male dominant,0.5832031675687457
2573,1960,Barber / Beautician,balanced,-0.24304594002509247
2574,1960,Bartender,male dominant,0.7130870693639564
2575,1960,Bill Collector,male dominant,0.542273547812755
2580,1960,Boilermaker,male dominant,0.9936287286417608
2582,1960,Bookkeeper,female dominant,-0.7625264604196804
2588,1960,Cabinet Maker,male dominant,0.9639171257856755
2590,1960,Carpenter,male dominant,0.9931329788149137
2595,1960,Chemist,male dominant,0.7216398788725833
2597,1960,Clergyman,male dominant,0.929467874906316
2598,1960,Clerical Worker,balanced,-0.29882308742426433
2609,1960,Delivery Man,male dominant,0.9021558202298033
2611,1960,Dentist,male dominant,0.9275401859809472
2612,1960,Designer,male dominant,0.4776804937562796
2616,1960,Draftsman,male dominant,0.7976402015745482
2617,1960,Dressmaker / Seamstress,female dominant,-0.9428580366313353
2620,1960,Editor / Reporter,balanced,0.15043317814680401
2627,1960,Engineer - Civil,male dominant,0.9862557986946462
2630,1960,Engineer - Mechanical,male dominant,0.9928621221780656
2633,1960,Engraver,male dominant,0.6624324148263957
2634,1960,Entertainer,male dominant,0.3630373391904613
2636,1960,Farm Foreman,male dominant,0.901628557328508
2637,1960,Farm Laborer,male dominant,0.3608423049763832
2639,1960,Farmer,male dominant,0.8771132221659858
2640,1960,Fireman,male dominant,0.9891244225270915
2641,1960,Fisherman,male dominant,0.9611361826387046
2643,1960,Foremen,male dominant,0.8292826255599021
2646,1960,Funeral Director,male dominant,0.8676474344239267
2649,1960,Gardener / Groundskeeper,male dominant,0.9559754626246835
2652,1960,Household Worker,female dominant,-0.9205078393349392
2656,1960,Inspector,male dominant,0.7932186657554011
2658,1960,Insurance Agent,male dominant,0.7289903906152502
2659,1960,Janitor,male dominant,0.7110566952533666
2660,1960,Jeweler,male dominant,0.8245938628158844
2662,1960,Laborer,male dominant,0.8883982257687532
2663,1960,Laundry / Dry Cleaning,female dominant,-0.5833583182508151
2664,1960,Lawyer / Judge,male dominant,0.9133479489781128
2668,1960,Locomotive Engineer,male dominant,0.9950054234038797
2672,1960,Lumberman,male dominant,0.9806523175395955
2673,1960,Machinist,male dominant,0.9600751759902826
2674,1960,Mail Carrier,male dominant,0.9421658976483602
2675,1960,Manager / Owner,male dominant,0.6627638092565721
2676,1960,Mason,male dominant,0.9907811619436945
2678,1960,Meat Cutter,male dominant,0.9089328500045253
2679,1960,Mechanic,male dominant,0.9556474967825946
2685,1960,Messenger,male dominant,0.6253610601974915
2686,1960,Metal Filer,male dominant,0.8312091439526084
2688,1960,Metal Worker,male dominant,0.9599970950474832
2690,1960,Military,male dominant,0.9614938707170431
2694,1960,Miner,male dominant,0.9852638711924907
2695,1960,Model Maker,male dominant,0.9344733438712459
2699,1960,Musician / Music Teacher,balanced,-0.20626358689826388
2700,1960,Newsboy,male dominant,0.9149770193500327
2701,1960,Nurse,female dominant,-0.955957838761751
2705,1960,Operative,balanced,-0.005776326542657649
2709,1960,Painter,male dominant,0.8801087291513605
2714,1960,Photographer,male dominant,0.6568239405130583
2715,1960,Physician / Surgeon,male dominant,0.8631465652627303
2718,1960,Plasterer,male dominant,0.9937366904672429
2719,1960,Plumber,male dominant,0.9925128760310203
2720,1960,Policeman / Detective,male dominant,0.9171459438292993
2721,1960,Porter,male dominant,0.9625102225283002
2724,1960,Pressman,male dominant,0.8608362591765082
2726,1960,Professional - Misc,male dominant,0.4736089545236207
2727,1960,Professor,male dominant,0.416016540904634
2742,1960,Public Officials,male dominant,0.49097513223878547
2745,1960,Railroad Brakeman,male dominant,0.9944268630800683
2746,1960,Railroad Conductor,male dominant,0.987433633878923
2748,1960,Real Estate Agent,male dominant,0.4459819834953699
2750,1960,Religious Worker,balanced,-0.24547563805104408
2753,1960,Roller,male dominant,0.94801125649134
2754,1960,Roofer,male dominant,0.9969133396729387
2755,1960,Sailor,male dominant,0.9718559735494536
2756,1960,Salesman,balanced,-0.11189877599976678
2757,1960,Sawyer,male dominant,0.9449243868117775
2765,1960,Security Guard,male dominant,0.9087724431656548
2767,1960,Service Worker,female dominant,-0.3969891413411033
2769,1960,Sheriff / Bailiff,male dominant,0.8937191625550074
2770,1960,Ship Officers,male dominant,0.9912193615284488
2771,1960,Shipping and Receiving,male dominant,0.7646054142837589
2772,1960,Shoemaker,male dominant,0.9291968205006526
2775,1960,Stationary Engineer,male dominant,0.9817899318304302
2783,1960,Teacher,female dominant,-0.5341807299793757
2794,1960,Ticket Agent,male dominant,0.45457473189269265
2795,1960,Tool Maker,male dominant,0.976092820633646
2796,1960,Truck / Tractor Driver,male dominant,0.9871641324868715
2797,1960,Typesetter,male dominant,0.7547039948815882
2799,1960,Upholsterer,male dominant,0.730648729713276
2802,1960,Waiter / Waitress,female dominant,-0.8329519059509842
2820,1970,Architect,male dominant,0.9126924301053654
2821,1970,Artist / Art Teacher,balanced,0.1519138952238757
2824,1970,Author,balanced,0.20527568425228085
2826,1970,Baker,balanced,0.3228909904066095
2828,1970,Barber / Beautician,female dominant,-0.4758936539672217
2829,1970,Bartender,male dominant,0.5097486829330404
2830,1970,Bill Collector,balanced,0.1463085360708761
2835,1970,Boilermaker,male dominant,0.9668812235242339
2837,1970,Bookkeeper,female dominant,-0.690450900731487
2843,1970,Cabinet Maker,male dominant,0.861615429890886
2845,1970,Carpenter,male dominant,0.971933284793619
2850,1970,Chemist,male dominant,0.6797397754513976
2852,1970,Clergyman,male dominant,0.9303251020005955
2853,1970,Clerical Worker,female dominant,-0.3472141984249625
2864,1970,Delivery Man,male dominant,0.907811128122658
2866,1970,Dentist,male dominant,0.9033202817463233
2867,1970,Designer,male dominant,0.3858423992943252
2871,1970,Draftsman,male dominant,0.7992611639614267
2872,1970,Dressmaker / Seamstress,female dominant,-0.9244128105484759
2875,1970,Editor / Reporter,balanced,0.15240864087710543
2882,1970,Engineer - Civil,male dominant,0.9645308805300056
2885,1970,Engineer - Mechanical,male dominant,0.9826062990920366
2888,1970,Engraver,male dominant,0.3637766681797549
2889,1970,Entertainer,male dominant,0.3635201441564292
2891,1970,Farm Foreman,male dominant,0.8097338835918599
2892,1970,Farm Laborer,male dominant,0.46339224928672024
2894,1970,Farmer,male dominant,0.872859805979874
2895,1970,Fireman,male dominant,0.9402766455238967
2896,1970,Fisherman,male dominant,0.8817400876727408
2898,1970,Foremen,male dominant,0.8139475579840523
2901,1970,Funeral Director,male dominant,0.826526402640264
2904,1970,Gardener / Groundskeeper,male dominant,0.9269126058130535
2907,1970,Household Worker,female dominant,-0.9104661252987769
2911,1970,Inspector,male dominant,0.7974875934906474
2913,1970,Insurance Agent,male dominant,0.6441195494555303
2914,1970,Janitor,male dominant,0.7214561771256387
2915,1970,Jeweler,male dominant,0.5829248091688491
2917,1970,Laborer,male dominant,0.7893808273006785
2918,1970,Laundry / Dry Cleaning,female dominant,-0.4938223156415922
2919,1970,Lawyer / Judge,male dominant,0.8814949497650354
2923,1970,Locomotive Engineer,male dominant,0.9762311520463492
2927,1970,Lumberman,male dominant,0.9268850911487323
2928,1970,Machinist,male dominant,0.9190036389076917
2929,1970,Mail Carrier,male dominant,0.808878280965321
2930,1970,Manager / Owner,male dominant,0.6298851836916249
2931,1970,Mason,male dominant,0.9715061058344641
2933,1970,Meat Cutter,male dominant,0.8520991130265055
2934,1970,Mechanic,male dominant,0.9410907908743793
2940,1970,Messenger,male dominant,0.549331170537234
2941,1970,Metal Filer,male dominant,0.644414990887806
2943,1970,Metal Worker,male dominant,0.9579127228579779
2945,1970,Military,male dominant,0.9443846775655016
2949,1970,Miner,male dominant,0.9245758590208281
2950,1970,Model Maker,male dominant,0.8935831008369869
2954,1970,Musician / Music Teacher,balanced,-0.17447138209952523
2955,1970,Newsboy,male dominant,0.8693414486786457
2956,1970,Nurse,female dominant,-0.8911081819720899
2960,1970,Operative,balanced,-0.016241343500485204
2964,1970,Painter,male dominant,0.8122172075610372
2969,1970,Photographer,male dominant,0.620342934861806
2970,1970,Physician / Surgeon,male dominant,0.7912673552742391
2973,1970,Plasterer,male dominant,0.9363826575204598
2974,1970,Plumber,male dominant,0.9740818336963911
2975,1970,Policeman / Detective,male dominant,0.9086086156893258
2976,1970,Porter,male dominant,0.9599158232287804
2979,1970,Pressman,male dominant,0.7696734515447126
2981,1970,Professional - Misc,balanced,0.08501115357243244
2982,1970,Professor,balanced,0.23293527056433044
2997,1970,Public Officials,male dominant,0.496623353532959
3000,1970,Railroad Brakeman,male dominant,0.9794467757129399
3001,1970,Railroad Conductor,male dominant,0.9669872675643492
3003,1970,Real Estate Agent,balanced,0.2726412849131329
3005,1970,Religious Worker,balanced,-0.183659850326517
3008,1970,Roller,male dominant,0.8672407267221802
3009,1970,Roofer,male dominant,0.973178435676428
3010,1970,Sailor,male dominant,0.9447473144250454
3011,1970,Salesman,balanced,-0.07454498757723928
3012,1970,Sawyer,male dominant,0.7866594107128975
3020,1970,Security Guard,male dominant,0.888284017015535
3022,1970,Service Worker,balanced,-0.2658539309207355
3024,1970,Sheriff / Bailiff,male dominant,0.8735309727803473
3025,1970,Ship Officers,male dominant,0.9316920352776926
3026,1970,Shipping and Receiving,male dominant,0.6252529404639211
3027,1970,Shoemaker,male dominant,0.753347630236925
3030,1970,Stationary Engineer,male dominant,0.9706657813018769
3038,1970,Teacher,female dominant,-0.4829053551141928
3049,1970,Ticket Agent,balanced,0.14206305890255677
3050,1970,Tool Maker,male dominant,0.9516527156636821
3051,1970,Truck / Tractor Driver,male dominant,0.9649376787104416
3052,1970,Typesetter,male dominant,0.5944873313817268
3054,1970,Upholsterer,male dominant,0.5975023899127531
3057,1970,Waiter / Waitress,female dominant,-0.830445600242885
3075,1980,Architect,male dominant,0.8155398689286858
3076,1980,Artist / Art Teacher,balanced,-0.01796858964046178
3079,1980,Author,balanced,0.038704523999709535
3081,1980,Baker,balanced,0.14738518475534665
3083,1980,Barber / Beautician,female dominant,-0.566617548757834
3084,1980,Bartender,balanced,0.045771754946893284
3085,1980,Bill Collector,balanced,-0.22572862012178777
3090,1980,Boilermaker,male dominant,0.9644832333792267
3092,1980,Bookkeeper,female dominant,-0.8083676430621649
3098,1980,Cabinet Maker,male dominant,0.8017494711565948
3100,1980,Carpenter,male dominant,0.9635465744626024
3105,1980,Chemist,male dominant,0.5749657589071311
3107,1980,Clergyman,male dominant,0.8739649466215085
3108,1980,Clerical Worker,female dominant,-0.4021290962558259
3119,1980,Delivery Man,male dominant,0.8309242913322098
3121,1980,Dentist,male dominant,0.8466117992057235
3122,1980,Designer,balanced,-0.09353592239250229
3126,1980,Draftsman,male dominant,0.6478169187459191
3127,1980,Dressmaker / Seamstress,female dominant,-0.88605443310514
3130,1980,Editor / Reporter,balanced,-0.03601531380126651
3137,1980,Engineer - Civil,male dominant,0.9337454315751478
3140,1980,Engineer - Mechanical,male dominant,0.9548300574874646
3143,1980,Engraver,balanced,0.1602239982602077
3144,1980,Entertainer,balanced,0.18986595716017782
3146,1980,Farm Foreman,male dominant,0.5930750878955299
3147,1980,Farm Laborer,male dominant,0.39759861430444315
3149,1980,Farmer,male dominant,0.7524604505855811
3150,1980,Fireman,male dominant,0.944795691230463
3151,1980,Fisherman,male dominant,0.8178032536029199
3153,1980,Foremen,male dominant,0.7160886707434825
3156,1980,Funeral Director,male dominant,0.8086028391503896
3159,1980,Gardener / Groundskeeper,male dominant,0.8158038858569328
3162,1980,Household Worker,female dominant,-0.8874579595038486
3166,1980,Inspector,male dominant,0.6893346784196338
3168,1980,Insurance Agent,balanced,0.28697812322784
3169,1980,Janitor,male dominant,0.48259138019461856
3170,1980,Jeweler,male dominant,0.47200102611242345
3172,1980,Laborer,male dominant,0.692313374026216
3173,1980,Laundry / Dry Cleaning,female dominant,-0.4318319460641764
3174,1980,Lawyer / Judge,male dominant,0.697554695284874
3178,1980,Locomotive Engineer,male dominant,0.9667064090162644
3182,1980,Lumberman,male dominant,0.9393969834823415
3183,1980,Machinist,male dominant,0.8880779168204603
3184,1980,Mail Carrier,male dominant,0.723209751142712
3185,1980,Manager / Owner,male dominant,0.4330776081240824
3186,1980,Mason,male dominant,0.9725725428686491
3188,1980,Meat Cutter,male dominant,0.6427101010631163
3189,1980,Mechanic,male dominant,0.9254211656466024
3195,1980,Messenger,male dominant,0.46761747732893655
3196,1980,Metal Filer,male dominant,0.6323091409243619
3198,1980,Metal Worker,male dominant,0.9259056518934137
3200,1980,Military,male dominant,0.8059907082297816
3204,1980,Miner,male dominant,0.9288078467223633
3205,1980,Model Maker,male dominant,0.7161302944341191
3209,1980,Musician / Music Teacher,balanced,-0.11592178556807885
3210,1980,Newsboy,balanced,0.31845796391735615
3211,1980,Nurse,female dominant,-0.8625766555057376
3215,1980,Operative,balanced,0.01362731379368572
3219,1980,Painter,male dominant,0.7456908225422196
3224,1980,Photographer,male dominant,0.4335516976873363
3225,1980,Physician / Surgeon,male dominant,0.7151274625167714
3228,1980,Plasterer,male dominant,0.948050414711178
3229,1980,Plumber,male dominant,0.9715597121137752
3230,1980,Policeman / Detective,male dominant,0.8787174487532614
3231,1980,Porter,male dominant,0.8390403158454179
3234,1980,Pressman,male dominant,0.6189376929342844
3236,1980,Professional - Misc,balanced,0.04429328306444911
3237,1980,Professor,balanced,0.2239623336983028
3252,1980,Public Officials,balanced,0.28444808395539645
3255,1980,Railroad Brakeman,male dominant,0.9720518210286989
3256,1980,Railroad Conductor,male dominant,0.9669897032101756
3258,1980,Real Estate Agent,balanced,0.03606917981007855
3260,1980,Religious Worker,balanced,-0.20232194537773193
3263,1980,Roller,male dominant,0.7810508182601206
3264,1980,Roofer,male dominant,0.9774912168107925
3265,1980,Sailor,male dominant,0.9399790994593121
3266,1980,Salesman,balanced,-0.028378963193156522
3267,1980,Sawyer,male dominant,0.7281337744511447
3275,1980,Security Guard,male dominant,0.7045238160006528
3277,1980,Service Worker,balanced,-0.13411182556945558
3279,1980,Sheriff / Bailiff,male dominant,0.7225976828714221
3280,1980,Ship Officers,male dominant,0.9465653483155151
3281,1980,Shipping and Receiving,male dominant,0.5197164173374454
3282,1980,Shoemaker,male dominant,0.7736754092589333
3285,1980,Stationary Engineer,male dominant,0.9352834200215262
3293,1980,Teacher,female dominant,-0.4322955111431832
3304,1980,Ticket Agent,balanced,-0.16648192918299484
3305,1980,Tool Maker,male dominant,0.9561477483555406
3306,1980,Truck / Tractor Driver,male dominant,0.9437041181475913
3307,1980,Typesetter,balanced,-0.10183466137755279
3309,1980,Upholsterer,male dominant,0.5209553196141792
3312,1980,Waiter / Waitress,female dominant,-0.8011923206172834
3330,1990,Architect,male dominant,0.6825599812283686
3331,1990,Artist / Art Teacher,balanced,-0.09224592502364047
3334,1990,Author,balanced,-0.008620689655172414
3336,1990,Baker,balanced,0.03364832046935488
3338,1990,Barber / Beautician,female dominant,-0.6645947477215943
3339,1990,Bartender,balanced,-0.0511010790306509
3340,1990,Bill Collector,female dominant,-0.3381257282124189
3345,1990,Boilermaker,male dominant,0.9537684943429069
3347,1990,Bookkeeper,female dominant,-0.7965595556578374
3353,1990,Cabinet Maker,male dominant,0.8496222186845618
3355,1990,Carpenter,male dominant,0.9620783458951947
3360,1990,Chemist,male dominant,0.4583015509788965
3362,1990,Clergyman,male dominant,0.7779555590004512
3363,1990,Clerical Worker,female dominant,-0.43411212325019344
3374,1990,Delivery Man,male dominant,0.7767734985854109
3376,1990,Dentist,male dominant,0.7337090319343811
3377,1990,Designer,balanced,-0.17446718983400308
3381,1990,Draftsman,male dominant,0.6173406525561357
3382,1990,Dressmaker / Seamstress,female dominant,-0.8782205260597897
3385,1990,Editor / Reporter,balanced,-0.11495813577726274
3392,1990,Engineer - Civil,male dominant,0.8606053228889955
3395,1990,Engineer - Mechanical,male dominant,0.9017951100093784
3398,1990,Engraver,balanced,0.2568019093078759
3399,1990,Entertainer,balanced,-0.013497198555173926
3401,1990,Farm Foreman,male dominant,0.6742267234974387
3402,1990,Farm Laborer,male dominant,0.4212968974207875
3404,1990,Farmer,male dominant,0.6927203759513516
3405,1990,Fireman,male dominant,0.9201606413621425
3406,1990,Fisherman,male dominant,0.8348802492373596
3408,1990,Foremen,male dominant,0.6874438666810058
3411,1990,Funeral Director,male dominant,0.7272474358736577
3414,1990,Gardener / Groundskeeper,male dominant,0.8289324503206428
3417,1990,Household Worker,female dominant,-0.8628269719602961
3421,1990,Inspector,male dominant,0.509520188410398
3423,1990,Insurance Agent,balanced,0.013367605812933845
3424,1990,Janitor,balanced,0.3297679912934998
3425,1990,Jeweler,male dominant,0.41522017258118665
3427,1990,Laborer,male dominant,0.6467963632488092
3428,1990,Laundry / Dry Cleaning,balanced,-0.32695763586142634
3429,1990,Lawyer / Judge,male dominant,0.4931913907717533
3433,1990,Locomotive Engineer,male dominant,0.9462631690588984
3437,1990,Lumberman,male dominant,0.9306530763684222
3438,1990,Machinist,male dominant,0.9040029582489155
3439,1990,Mail Carrier,male dominant,0.4800807472832566
3440,1990,Manager / Owner,balanced,0.28447489965135686
3441,1990,Mason,male dominant,0.9679697876494215
3443,1990,Meat Cutter,male dominant,0.5438124923126768
3444,1990,Mechanic,male dominant,0.91786942702318
3450,1990,Messenger,male dominant,0.48729255234966357
3451,1990,Metal Filer,male dominant,0.6764265770750082
3453,1990,Metal Worker,male dominant,0.9016043896570499
3455,1990,Military,male dominant,0.7832491675048526
3459,1990,Miner,male dominant,0.9218665176111984
3460,1990,Model Maker,male dominant,0.6109452463776055
3464,1990,Musician / Music Teacher,balanced,-0.18676230857646134
3465,1990,Newsboy,balanced,0.19067147856517935
3466,1990,Nurse,female dominant,-0.8357995933609
3470,1990,Operative,balanced,0.07049701080433858
3474,1990,Painter,male dominant,0.7471248938984189
3479,1990,Photographer,balanced,0.32249478878381405
3480,1990,Physician / Surgeon,male dominant,0.5761436034658511
3483,1990,Plasterer,male dominant,0.9587380081099792
3484,1990,Plumber,male dominant,0.9684013155872498
3485,1990,Policeman / Detective,male dominant,0.7321197886083383
3486,1990,Porter,male dominant,0.7883387280202957
3489,1990,Pressman,male dominant,0.6052481347571539
3491,1990,Professional - Misc,balanced,0.08106510755934035
3492,1990,Professor,balanced,0.15769383290906067
3507,1990,Public Officials,balanced,-0.15930699406212803
3510,1990,Railroad Brakeman,male dominant,0.9718492637883703
3511,1990,Railroad Conductor,male dominant,0.8801607295288459
3513,1990,Real Estate Agent,balanced,-0.055273885659990085
3515,1990,Religious Worker,balanced,-0.18103843492902333
3518,1990,Roller,male dominant,0.7276659770547301
3519,1990,Roofer,male dominant,0.9670981391707065
3520,1990,Sailor,male dominant,0.9323824318599068
3521,1990,Salesman,balanced,0.016585443202480354
3522,1990,Sawyer,male dominant,0.7286837804404555
3530,1990,Security Guard,male dominant,0.6449099693365266
3532,1990,Service Worker,balanced,-0.07945307537845137
3534,1990,Sheriff / Bailiff,male dominant,0.6171927867633389
3535,1990,Ship Officers,male dominant,0.9242128291272755
3536,1990,Shipping and Receiving,male dominant,0.3941360111640219
3537,1990,Shoemaker,male dominant,0.8201414069300669
3540,1990,Stationary Engineer,male dominant,0.9011749118329014
3548,1990,Teacher,female dominant,-0.48791605955123246
3559,1990,Ticket Agent,female dominant,-0.43061945700918564
3560,1990,Tool Maker,male dominant,0.946082392144142
3561,1990,Truck / Tractor Driver,male dominant,0.861924793765764
3562,1990,Typesetter,female dominant,-0.3713957231547482
3564,1990,Upholsterer,male dominant,0.5049563747658855
3567,1990,Waiter / Waitress,female dominant,-0.6515174085493762
3585,2000,Architect,male dominant,0.5776195264143459
3586,2000,Artist / Art Teacher,balanced,0.010767127886621423
3589,2000,Author,balanced,-0.08795463552940459
3591,2000,Baker,balanced,-0.03340521984067603
3593,2000,Barber / Beautician,female dominant,-0.6691457602741794
3594,2000,Bartender,balanced,-0.11105898011016131
3595,2000,Bill Collector,female dominant,-0.4394103768217095
3600,2000,Boilermaker,male dominant,0.9359101159156545
3602,2000,Bookkeeper,female dominant,-0.7943193057915646
3608,2000,Cabinet Maker,male dominant,0.8507095590388256
3610,2000,Carpenter,male dominant,0.9590237341174936
3615,2000,Chemist,male dominant,0.33550782818145325
3617,2000,Clergyman,male dominant,0.6916378286475731
3618,2000,Clerical Worker,female dominant,-0.4239603107920052
3629,2000,Delivery Man,male dominant,0.5856044178899583
3631,2000,Dentist,male dominant,0.6410199839756616
3632,2000,Designer,balanced,-0.16556766647924606
3636,2000,Draftsman,male dominant,0.6091105389301535
3637,2000,Dressmaker / Seamstress,female dominant,-0.5312761298029066
3640,2000,Editor / Reporter,balanced,-0.14235104900615755
3647,2000,Engineer - Civil,male dominant,0.7883836578151916
3650,2000,Engineer - Mechanical,male dominant,0.870729118915898
3653,2000,Engraver,balanced,0.2696032831737346
3654,2000,Entertainer,balanced,-0.1820787667108274
3656,2000,Farm Foreman,male dominant,0.6610262244559973
3657,2000,Farm Laborer,male dominant,0.3797358503640901
3659,2000,Farmer,male dominant,0.6872544029724799
3660,2000,Fireman,male dominant,0.8793746320402956
3661,2000,Fisherman,male dominant,0.8518877317617933
3663,2000,Foremen,male dominant,0.6415668165683971
3666,2000,Funeral Director,male dominant,0.6345371920593159
3669,2000,Gardener / Groundskeeper,male dominant,0.8356696686131905
3672,2000,Household Worker,female dominant,-0.5939808729547206
3676,2000,Inspector,male dominant,0.38047250428985285
3678,2000,Insurance Agent,balanced,-0.1892940361881938
3679,2000,Janitor,male dominant,0.3552892363101483
3680,2000,Jeweler,male dominant,0.581366884697893
3682,2000,Laborer,male dominant,0.7036658700869107
3683,2000,Laundry / Dry Cleaning,balanced,-0.2717956762767349
3684,2000,Lawyer / Judge,male dominant,0.38584144212997107
3688,2000,Locomotive Engineer,male dominant,0.921928277483833
3692,2000,Lumberman,male dominant,0.9331826210846921
3693,2000,Machinist,male dominant,0.8835326276167069
3694,2000,Mail Carrier,balanced,0.3235259387546249
3695,2000,Manager / Owner,balanced,0.22342141919558817
3696,2000,Mason,male dominant,0.9767618179713089
3698,2000,Meat Cutter,male dominant,0.4818853430333424
3699,2000,Mechanic,male dominant,0.9220800688052957
3705,2000,Messenger,male dominant,0.5446318535151499
3706,2000,Metal Filer,male dominant,0.7463547394321067
3708,2000,Metal Worker,male dominant,0.9192869043437348
3710,2000,Military,male dominant,0.7120609736605228
3714,2000,Miner,male dominant,0.9315968747594489
3715,2000,Model Maker,male dominant,0.7054354178842782
3719,2000,Musician / Music Teacher,balanced,-0.2969246208229667
3720,2000,Newsboy,balanced,-0.06131389074152671
3721,2000,Nurse,female dominant,-0.7935677351631655
3725,2000,Operative,balanced,0.16315394226843644
3729,2000,Painter,male dominant,0.7811415759736647
3734,2000,Photographer,balanced,0.24666498462000955
3735,2000,Physician / Surgeon,male dominant,0.46340688998253693
3738,2000,Plasterer,male dominant,0.9747864100564131
3739,2000,Plumber,male dominant,0.9631615056697733
3740,2000,Policeman / Detective,male dominant,0.6990791808795658
3741,2000,Porter,male dominant,0.6697413959568053
3744,2000,Pressman,male dominant,0.5875781809129663
3746,2000,Professional - Misc,balanced,0.04453999712862771
3747,2000,Professor,balanced,0.051768734744435135
3762,2000,Public Officials,balanced,-0.11357836067595482
3765,2000,Railroad Brakeman,male dominant,0.9374014113740141
3766,2000,Railroad Conductor,male dominant,0.8735805688016741
3768,2000,Real Estate Agent,balanced,-0.06769342005496351
3770,2000,Religious Worker,balanced,-0.2633404932795464
3773,2000,Roller,male dominant,0.4091314251757948
3774,2000,Roofer,male dominant,0.9663159031177357
3775,2000,Sailor,male dominant,0.886131474582382
3776,2000,Salesman,balanced,0.030424227055033736
3777,2000,Sawyer,male dominant,0.7137729053226451
3785,2000,Security Guard,male dominant,0.5258677334326923
3787,2000,Service Worker,balanced,0.16797583250375522
3789,2000,Sheriff / Bailiff,male dominant,0.394339942382647
3790,2000,Ship Officers,male dominant,0.9333008115659231
3791,2000,Shipping and Receiving,male dominant,0.39320265144970623
3792,2000,Shoemaker,male dominant,0.9048791511234932
3795,2000,Stationary Engineer,male dominant,0.9150811440867928
3803,2000,Teacher,female dominant,-0.5216542259047688
3814,2000,Ticket Agent,female dominant,-0.4922871907897771
3815,2000,Tool Maker,male dominant,0.9338945577045132
3816,2000,Truck / Tractor Driver,male dominant,0.8701895015963242
3817,2000,Typesetter,balanced,0.023470226284248292
3819,2000,Upholsterer,male dominant,0.5266517209547672
3822,2000,Waiter / Waitress,female dominant,-0.5117333899621117
